,keywords,number_of_times_word_appeared,tf,idf,tf_idf
194,in,369,0.01491270611057226,-5.910796644040527,-0.08814597323193317
317,re,258,0.010426770126091174,-5.552959584921617,-0.05789943311145237
880,at,247,0.009982217911412869,-5.5093883366279774,-0.054995914934816946
783,on,243,0.009820562560620756,-5.493061443340548,-0.0539449535536596
690,the,203,0.008204009052699645,-5.313205979041787,-0.043589589950916705
876,an,199,0.008042353701907532,-5.293304824724492,-0.042570629652448025
25,to,190,0.007678629162625283,-5.247024072160486,-0.04028995205748838
799,or,167,0.006749110895570644,-5.117993812416755,-0.03454190780284506
878,as,157,0.006344972518590365,-5.056245805348308,-0.03208174068217282
588,java,135,0.005455868089233754,-4.90527477843843,-0.0267625321326054
636,it,122,0.004930488199159392,-4.804021044733257,-0.023686169069570696
635,is,110,0.004445522146783058,-4.700480365792417,-0.02089608956664912
345,int,104,0.004203039120594891,-4.6443908991413725,-0.01952055664042607
2,all,88,0.003556417717426447,-4.477336814478207,-0.015923279973895983
789,of,75,0.003031037827352085,-4.31748811353631,-0.01308646979127155
570,and,71,0.002869382476559974,-4.2626798770413155,-0.012231258942367176
887,no,70,0.0028289686388619463,-4.248495242049359,-0.012018859802111832
568,com,67,0.0027077271257678628,-4.204692619390966,-0.011385160261040845
761,for,65,0.0026268994503718074,-4.174387269895637,-0.010965695624927918
228,data,62,0.002505657937277724,-4.127134385045092,-0.010341187030100051
527,are,60,0.0024248302618816685,-4.0943445622221,-0.009928090597046801
404,applet,57,0.002303588748787585,-4.04305126783455,-0.009313527411355051
846,hi,56,0.0022631749110895573,-4.02535169073515,-0.009110074954783722
168,obj,56,0.0022631749110895573,-4.02535169073515,-0.009110074954783722
844,but,55,0.002222761073391529,-4.007333185232471,-0.008907344212244823
898,you,54,0.0021823472356935015,-3.9889840465642745,-0.008705348307245023
442,object,53,0.0021419333979954738,-3.970291913552122,-0.008504100849428648
96,new,52,0.0021015195602974456,-3.951243718581427,-0.008303615962101284
598,basic,50,0.0020206918849013903,-3.912023005428146,-0.007904993140616202
50,basics,49,0.0019802780472033626,-3.891820298110627,-0.007706886300008921
295,button,48,0.0019398642095053346,-3.871201010907891,-0.007509604288861088
773,be,46,0.001859036534109279,-3.828641396489095,-0.007117584232076398
3,code,44,0.0017782088587132234,-3.784189633918261,-0.006729079530084202
448,class,43,0.0017377950210151955,-3.7612001156935624,-0.00653619483409405
643,id,41,0.00165696734561914,-3.713572066704308,-0.006153267650132421
280,not,41,0.00165696734561914,-3.713572066704308,-0.006153267650132421
99,method,39,0.0015761396702230843,-3.6635616461296463,-0.005774284844772721
366,array,34,0.0013740704817329454,-3.5263605246161616,-0.004845467904823372
490,do,34,0.0013740704817329454,-3.5263605246161616,-0.004845467904823372
782,by,33,0.0013336566440349175,-3.4965075614664802,-0.004663140540268099
36,string,32,0.0012932428063368898,-3.4657359027997265,-0.004482038024959232
136,use,32,0.0012932428063368898,-3.4657359027997265,-0.004482038024959232
637,iv,30,0.0012124151309408342,-3.4011973816621555,-0.004123663168843545
644,if,30,0.0012124151309408342,-3.4011973816621555,-0.004123663168843545
391,that,30,0.0012124151309408342,-3.4011973816621555,-0.004123663168843545
821,your,28,0.0011315874555447786,-3.332204510175204,-0.0037706808230239942
148,call,27,0.0010911736178467507,-3.295836866004329,-0.0035963302369106404
153,type,26,0.0010507597801487228,-3.258096538021482,-0.0034234768019947674
110,objects,26,0.0010507597801487228,-3.258096538021482,-0.0034234768019947674
393,serve,25,0.0010103459424506951,-3.2188758248682006,-0.0032521781289082206
462,reserve,24,0.0009699321047526673,-3.1780538303479458,-0.003082496440686659
572,point,24,0.0009699321047526673,-3.1780538303479458,-0.003082496440686659
178,this,24,0.0009699321047526673,-3.1780538303479458,-0.003082496440686659
510,public,24,0.0009699321047526673,-3.1780538303479458,-0.003082496440686659
814,right,24,0.0009699321047526673,-3.1780538303479458,-0.003082496440686659
177,rights,23,0.0009295182670546395,-3.1354942159291497,-0.0029144991499503088
27,program,23,0.0009295182670546395,-3.1354942159291497,-0.0029144991499503088
141,jguru,23,0.0009295182670546395,-3.1354942159291497,-0.0029144991499503088
190,reserved,23,0.0009295182670546395,-3.1354942159291497,-0.0029144991499503088
188,example,22,0.0008891044293566117,-3.0910424533583156,-0.002748259536610206
771,refer,22,0.0008891044293566117,-3.0910424533583156,-0.002748259536610206
26,init,22,0.0008891044293566117,-3.0910424533583156,-0.002748259536610206
693,comment,20,0.0008082767539605561,-2.995732273553991,-0.0024213807578030966
412,pre,19,0.0007678629162625283,-2.9444389791664407,-0.002260925501299805
33,allocate,19,0.0007678629162625283,-2.9444389791664407,-0.002260925501299805
360,one,19,0.0007678629162625283,-2.9444389791664407,-0.002260925501299805
108,here,18,0.0007274490785645005,-2.890371757896165,-0.002102598271990421
542,we,18,0.0007274490785645005,-2.890371757896165,-0.002102598271990421
255,pointer,18,0.0007274490785645005,-2.890371757896165,-0.002102598271990421
241,so,18,0.0007274490785645005,-2.890371757896165,-0.002102598271990421
714,param,18,0.0007274490785645005,-2.890371757896165,-0.002102598271990421
424,null,17,0.0006870352408664727,-2.833213344056216,-0.0019465174122597672
788,ack,17,0.0006870352408664727,-2.833213344056216,-0.0019465174122597672
275,return,16,0.0006466214031684449,-2.772588722239781,-0.001792815209983693
20,const,16,0.0006466214031684449,-2.772588722239781,-0.001792815209983693
601,define,16,0.0006466214031684449,-2.772588722239781,-0.001792815209983693
785,ok,15,0.0006062075654704171,-2.70805020110221,-0.0016416405195818443
151,memory,15,0.0006062075654704171,-2.70805020110221,-0.0016416405195818443
81,port,15,0.0006062075654704171,-2.70805020110221,-0.0016416405195818443
893,application,15,0.0006062075654704171,-2.70805020110221,-0.0016416405195818443
339,language,15,0.0006062075654704171,-2.70805020110221,-0.0016416405195818443
40,void,15,0.0006062075654704171,-2.70805020110221,-0.0016416405195818443
230,types,15,0.0006062075654704171,-2.70805020110221,-0.0016416405195818443
13,comments,14,0.0005657937277723893,-2.639057329615259,-0.0014931620843280644
522,reference,14,0.0005657937277723893,-2.639057329615259,-0.0014931620843280644
288,name,14,0.0005657937277723893,-2.639057329615259,-0.0014931620843280644
803,primitive,14,0.0005657937277723893,-2.639057329615259,-0.0014931620843280644
378,system,14,0.0005657937277723893,-2.639057329615259,-0.0014931620843280644
214,parameter,14,0.0005657937277723893,-2.639057329615259,-0.0014931620843280644
72,ten,14,0.0005657937277723893,-2.639057329615259,-0.0014931620843280644
623,expr,14,0.0005657937277723893,-2.639057329615259,-0.0014931620843280644
915,variable,13,0.0005253798900743614,-2.5649493574615367,-0.0013475728114694461
652,make,13,0.0005253798900743614,-2.5649493574615367,-0.0013475728114694461
818,operator,13,0.0005253798900743614,-2.5649493574615367,-0.0013475728114694461
775,run,13,0.0005253798900743614,-2.5649493574615367,-0.0013475728114694461
236,element,13,0.0005253798900743614,-2.5649493574615367,-0.0013475728114694461
183,can,13,0.0005253798900743614,-2.5649493574615367,-0.0013475728114694461
622,value,12,0.00048496605237633366,-2.4849066497880004,-0.0012050953684713873
721,has,12,0.00048496605237633366,-2.4849066497880004,-0.0012050953684713873
852,with,12,0.00048496605237633366,-2.4849066497880004,-0.0012050953684713873
930,time,12,0.00048496605237633366,-2.4849066497880004,-0.0012050953684713873
411,browser,12,0.00048496605237633366,-2.4849066497880004,-0.0012050953684713873
216,may,12,0.00048496605237633366,-2.4849066497880004,-0.0012050953684713873
308,out,12,0.00048496605237633366,-2.4849066497880004,-0.0012050953684713873
425,any,11,0.00044455221467830586,-2.3978952727983707,-0.0010659896540891561
326,state,11,0.00044455221467830586,-2.3978952727983707,-0.0010659896540891561
207,end,11,0.00044455221467830586,-2.3978952727983707,-0.0010659896540891561
806,garbage,11,0.00044455221467830586,-2.3978952727983707,-0.0010659896540891561
872,up,11,0.00044455221467830586,-2.3978952727983707,-0.0010659896540891561
746,methods,11,0.00044455221467830586,-2.3978952727983707,-0.0010659896540891561
322,basicsjava,11,0.00044455221467830586,-2.3978952727983707,-0.0010659896540891561
840,form,11,0.00044455221467830586,-2.3978952727983707,-0.0010659896540891561
828,there,11,0.00044455221467830586,-2.3978952727983707,-0.0010659896540891561
798,runtime,10,0.00040413837698027806,-2.3025850929940455,-0.0009305630023415961
619,these,10,0.00040413837698027806,-2.3025850929940455,-0.0009305630023415961
140,would,10,0.00040413837698027806,-2.3025850929940455,-0.0009305630023415961
873,defined,10,0.00040413837698027806,-2.3025850929940455,-0.0009305630023415961
145,two,10,0.00040413837698027806,-2.3025850929940455,-0.0009305630023415961
655,same,10,0.00040413837698027806,-2.3025850929940455,-0.0009305630023415961
871,constant,10,0.00040413837698027806,-2.3025850929940455,-0.0009305630023415961
184,following,10,0.00040413837698027806,-2.3025850929940455,-0.0009305630023415961
826,applets,10,0.00040413837698027806,-2.3025850929940455,-0.0009305630023415961
679,stack,10,0.00040413837698027806,-2.3025850929940455,-0.0009305630023415961
881,file,10,0.00040413837698027806,-2.3025850929940455,-0.0009305630023415961
336,byte,9,0.00036372453928225026,-2.1972245773362196,-0.0007991844970912536
271,main,9,0.00036372453928225026,-2.1972245773362196,-0.0007991844970912536
728,bit,9,0.00036372453928225026,-2.1972245773362196,-0.0007991844970912536
223,applications,9,0.00036372453928225026,-2.1972245773362196,-0.0007991844970912536
737,boolean,9,0.00036372453928225026,-2.1972245773362196,-0.0007991844970912536
221,collection,9,0.00036372453928225026,-2.1972245773362196,-0.0007991844970912536
890,when,9,0.00036372453928225026,-2.1972245773362196,-0.0007991844970912536
868,called,9,0.00036372453928225026,-2.1972245773362196,-0.0007991844970912536
384,statement,9,0.00036372453928225026,-2.1972245773362196,-0.0007991844970912536
422,have,9,0.00036372453928225026,-2.1972245773362196,-0.0007991844970912536
561,ill,9,0.00036372453928225026,-2.1972245773362196,-0.0007991844970912536
766,does,9,0.00036372453928225026,-2.1972245773362196,-0.0007991844970912536
260,how,9,0.00036372453928225026,-2.1972245773362196,-0.0007991844970912536
817,ints,8,0.00032331070158422246,-2.0794415416798357,-0.0006723057037438849
338,definition,8,0.00032331070158422246,-2.0794415416798357,-0.0006723057037438849
323,cause,8,0.00032331070158422246,-2.0794415416798357,-0.0006723057037438849
684,programs,8,0.00032331070158422246,-2.0794415416798357,-0.0006723057037438849
358,variables,8,0.00032331070158422246,-2.0794415416798357,-0.0006723057037438849
258,style,8,0.00032331070158422246,-2.0794415416798357,-0.0006723057037438849
716,source,8,0.00032331070158422246,-2.0794415416798357,-0.0006723057037438849
227,such,8,0.00032331070158422246,-2.0794415416798357,-0.0006723057037438849
591,create,8,0.00032331070158422246,-2.0794415416798357,-0.0006723057037438849
369,size,8,0.00032331070158422246,-2.0794415416798357,-0.0006723057037438849
327,args,7,0.00028289686388619466,-1.9459101490553135,-0.0005504918785720658
514,contain,7,0.00028289686388619466,-1.9459101490553135,-0.0005504918785720658
769,foo,7,0.00028289686388619466,-1.9459101490553135,-0.0005504918785720658
511,arrays,7,0.00028289686388619466,-1.9459101490553135,-0.0005504918785720658
386,bits,7,0.00028289686388619466,-1.9459101490553135,-0.0005504918785720658
402,pointers,7,0.00028289686388619466,-1.9459101490553135,-0.0005504918785720658
903,draw,7,0.00028289686388619466,-1.9459101490553135,-0.0005504918785720658
596,literal,7,0.00028289686388619466,-1.9459101490553135,-0.0005504918785720658
583,table,7,0.00028289686388619466,-1.9459101490553135,-0.0005504918785720658
478,parameters,7,0.00028289686388619466,-1.9459101490553135,-0.0005504918785720658
126,via,7,0.00028289686388619466,-1.9459101490553135,-0.0005504918785720658
433,instance,7,0.00028289686388619466,-1.9459101490553135,-0.0005504918785720658
648,inc,7,0.00028289686388619466,-1.9459101490553135,-0.0005504918785720658
709,struct,7,0.00028289686388619466,-1.9459101490553135,-0.0005504918785720658
461,width,6,0.00024248302618816683,-1.791759469228055,-0.00043447125829972234
848,heap,6,0.00024248302618816683,-1.791759469228055,-0.00043447125829972234
94,version,6,0.00024248302618816683,-1.791759469228055,-0.00043447125829972234
283,nor,6,0.00024248302618816683,-1.791759469228055,-0.00043447125829972234
677,calloc,6,0.00024248302618816683,-1.791759469228055,-0.00043447125829972234
398,semantics,6,0.00024248302618816683,-1.791759469228055,-0.00043447125829972234
897,test,6,0.00024248302618816683,-1.791759469228055,-0.00043447125829972234
175,thread,6,0.00024248302618816683,-1.791759469228055,-0.00043447125829972234
78,equal,6,0.00024248302618816683,-1.791759469228055,-0.00043447125829972234
286,execute,6,0.00024248302618816683,-1.791759469228055,-0.00043447125829972234
696,true,6,0.00024248302618816683,-1.791759469228055,-0.00043447125829972234
805,statements,6,0.00024248302618816683,-1.791759469228055,-0.00043447125829972234
592,strings,6,0.00024248302618816683,-1.791759469228055,-0.00043447125829972234
41,exception,6,0.00024248302618816683,-1.791759469228055,-0.00043447125829972234
710,integer,6,0.00024248302618816683,-1.791759469228055,-0.00043447125829972234
138,from,6,0.00024248302618816683,-1.791759469228055,-0.00043447125829972234
71,portable,6,0.00024248302618816683,-1.791759469228055,-0.00043447125829972234
776,equivalent,6,0.00024248302618816683,-1.791759469228055,-0.00043447125829972234
432,note,6,0.00024248302618816683,-1.791759469228055,-0.00043447125829972234
472,trivial,6,0.00024248302618816683,-1.791759469228055,-0.00043447125829972234
525,automatic,6,0.00024248302618816683,-1.791759469228055,-0.00043447125829972234
423,need,6,0.00024248302618816683,-1.791759469228055,-0.00043447125829972234
279,they,6,0.00024248302618816683,-1.791759469228055,-0.00043447125829972234
757,sizeof,6,0.00024248302618816683,-1.791759469228055,-0.00043447125829972234
483,should,5,0.00020206918849013903,-1.6094379124341003,-0.0003252178128908221
266,platform,5,0.00020206918849013903,-1.6094379124341003,-0.0003252178128908221
303,static,5,0.00020206918849013903,-1.6094379124341003,-0.0003252178128908221
218,clone,5,0.00020206918849013903,-1.6094379124341003,-0.0003252178128908221
309,predefined,5,0.00020206918849013903,-1.6094379124341003,-0.0003252178128908221
494,stop,5,0.00020206918849013903,-1.6094379124341003,-0.0003252178128908221
211,write,5,0.00020206918849013903,-1.6094379124341003,-0.0003252178128908221
702,using,5,0.00020206918849013903,-1.6094379124341003,-0.0003252178128908221
485,only,5,0.00020206918849013903,-1.6094379124341003,-0.0003252178128908221
248,executed,5,0.00020206918849013903,-1.6094379124341003,-0.0003252178128908221
293,each,5,0.00020206918849013903,-1.6094379124341003,-0.0003252178128908221
474,access,5,0.00020206918849013903,-1.6094379124341003,-0.0003252178128908221
257,machine,5,0.00020206918849013903,-1.6094379124341003,-0.0003252178128908221
484,buttons,5,0.00020206918849013903,-1.6094379124341003,-0.0003252178128908221
449,don,5,0.00020206918849013903,-1.6094379124341003,-0.0003252178128908221
497,import,5,0.00020206918849013903,-1.6094379124341003,-0.0003252178128908221
210,length,5,0.00020206918849013903,-1.6094379124341003,-0.0003252178128908221
664,used,5,0.00020206918849013903,-1.6094379124341003,-0.0003252178128908221
567,threads,5,0.00020206918849013903,-1.6094379124341003,-0.0003252178128908221
576,allocates,5,0.00020206918849013903,-1.6094379124341003,-0.0003252178128908221
91,while,5,0.00020206918849013903,-1.6094379124341003,-0.0003252178128908221
894,other,5,0.00020206918849013903,-1.6094379124341003,-0.0003252178128908221
16,expressions,5,0.00020206918849013903,-1.6094379124341003,-0.0003252178128908221
832,start,5,0.00020206918849013903,-1.6094379124341003,-0.0003252178128908221
879,initial,5,0.00020206918849013903,-1.6094379124341003,-0.0003252178128908221
18,consider,5,0.00020206918849013903,-1.6094379124341003,-0.0003252178128908221
82,compile,5,0.00020206918849013903,-1.6094379124341003,-0.0003252178128908221
730,like,5,0.00020206918849013903,-1.6094379124341003,-0.0003252178128908221
904,elements,5,0.00020206918849013903,-1.6094379124341003,-0.0003252178128908221
867,similar,5,0.00020206918849013903,-1.6094379124341003,-0.0003252178128908221
585,put,5,0.00020206918849013903,-1.6094379124341003,-0.0003252178128908221
863,signed,5,0.00020206918849013903,-1.6094379124341003,-0.0003252178128908221
615,p1,5,0.00020206918849013903,-1.6094379124341003,-0.0003252178128908221
744,because,5,0.00020206918849013903,-1.6094379124341003,-0.0003252178128908221
575,way,5,0.00020206918849013903,-1.6094379124341003,-0.0003252178128908221
508,instantiate,5,0.00020206918849013903,-1.6094379124341003,-0.0003252178128908221
341,where,5,0.00020206918849013903,-1.6094379124341003,-0.0003252178128908221
198,tag,5,0.00020206918849013903,-1.6094379124341003,-0.0003252178128908221
390,passed,5,0.00020206918849013903,-1.6094379124341003,-0.0003252178128908221
34,p2,5,0.00020206918849013903,-1.6094379124341003,-0.0003252178128908221
671,effect,5,0.00020206918849013903,-1.6094379124341003,-0.0003252178128908221
674,uses,5,0.00020206918849013903,-1.6094379124341003,-0.0003252178128908221
38,very,5,0.00020206918849013903,-1.6094379124341003,-0.0003252178128908221
520,set,5,0.00020206918849013903,-1.6094379124341003,-0.0003252178128908221
743,www,4,0.00016165535079211123,-1.3862943611198906,-0.00022410190124796164
245,definitions,4,0.00016165535079211123,-1.3862943611198906,-0.00022410190124796164
729,execution,4,0.00016165535079211123,-1.3862943611198906,-0.00022410190124796164
387,final,4,0.00016165535079211123,-1.3862943611198906,-0.00022410190124796164
59,list,4,0.00016165535079211123,-1.3862943611198906,-0.00022410190124796164
781,super,4,0.00016165535079211123,-1.3862943611198906,-0.00022410190124796164
414,false,4,0.00016165535079211123,-1.3862943611198906,-0.00022410190124796164
631,pointernull,4,0.00016165535079211123,-1.3862943611198906,-0.00022410190124796164
586,quit,4,0.00016165535079211123,-1.3862943611198906,-0.00022410190124796164
65,println,4,0.00016165535079211123,-1.3862943611198906,-0.00022410190124796164
639,blah,4,0.00016165535079211123,-1.3862943611198906,-0.00022410190124796164
381,paint,4,0.00016165535079211123,-1.3862943611198906,-0.00022410190124796164
900,operators,4,0.00016165535079211123,-1.3862943611198906,-0.00022410190124796164
804,own,4,0.00016165535079211123,-1.3862943611198906,-0.00022410190124796164
608,else,4,0.00016165535079211123,-1.3862943611198906,-0.00022410190124796164
573,simple,4,0.00016165535079211123,-1.3862943611198906,-0.00022410190124796164
501,compiler,4,0.00016165535079211123,-1.3862943611198906,-0.00022410190124796164
328,free,4,0.00016165535079211123,-1.3862943611198906,-0.00022410190124796164
329,getparameter,4,0.00016165535079211123,-1.3862943611198906,-0.00022410190124796164
676,animations,4,0.00016165535079211123,-1.3862943611198906,-0.00022410190124796164
171,must,4,0.00016165535079211123,-1.3862943611198906,-0.00022410190124796164
850,line,4,0.00016165535079211123,-1.3862943611198906,-0.00022410190124796164
334,initialize,4,0.00016165535079211123,-1.3862943611198906,-0.00022410190124796164
287,document,4,0.00016165535079211123,-1.3862943611198906,-0.00022410190124796164
492,invoke,4,0.00016165535079211123,-1.3862943611198906,-0.00022410190124796164
751,library,4,0.00016165535079211123,-1.3862943611198906,-0.00022410190124796164
6,graphics,4,0.00016165535079211123,-1.3862943611198906,-0.00022410190124796164
539,drawn,4,0.00016165535079211123,-1.3862943611198906,-0.00022410190124796164
346,place,4,0.00016165535079211123,-1.3862943611198906,-0.00022410190124796164
545,extend,4,0.00016165535079211123,-1.3862943611198906,-0.00022410190124796164
396,copy,4,0.00016165535079211123,-1.3862943611198906,-0.00022410190124796164
549,however,4,0.00016165535079211123,-1.3862943611198906,-0.00022410190124796164
395,part,4,0.00016165535079211123,-1.3862943611198906,-0.00022410190124796164
351,view,4,0.00016165535079211123,-1.3862943611198906,-0.00022410190124796164
124,makes,4,0.00016165535079211123,-1.3862943611198906,-0.00022410190124796164
616,look,4,0.00016165535079211123,-1.3862943611198906,-0.00022410190124796164
117,convert,4,0.00016165535079211123,-1.3862943611198906,-0.00022410190124796164
925,space,4,0.00016165535079211123,-1.3862943611198906,-0.00022410190124796164
149,therefore,4,0.00016165535079211123,-1.3862943611198906,-0.00022410190124796164
397,than,3,0.00012124151309408342,-1.0986122886681098,-0.00013319741618187558
405,classes,3,0.00012124151309408342,-1.0986122886681098,-0.00013319741618187558
787,package,3,0.00012124151309408342,-1.0986122886681098,-0.00013319741618187558
299,hard,3,0.00012124151309408342,-1.0986122886681098,-0.00013319741618187558
324,shows,3,0.00012124151309408342,-1.0986122886681098,-0.00013319741618187558
708,now,3,0.00012124151309408342,-1.0986122886681098,-0.00013319741618187558
738,either,3,0.00012124151309408342,-1.0986122886681098,-0.00013319741618187558
307,collector,3,0.00012124151309408342,-1.0986122886681098,-0.00013319741618187558
740,output,3,0.00012124151309408342,-1.0986122886681098,-0.00013319741618187558
418,argument,3,0.00012124151309408342,-1.0986122886681098,-0.00013319741618187558
311,declaration,3,0.00012124151309408342,-1.0986122886681098,-0.00013319741618187558
625,typename,3,0.00012124151309408342,-1.0986122886681098,-0.00013319741618187558
431,codevoid,3,0.00012124151309408342,-1.0986122886681098,-0.00013319741618187558
353,first,3,0.00012124151309408342,-1.0986122886681098,-0.00013319741618187558
435,which,3,0.00012124151309408342,-1.0986122886681098,-0.00013319741618187558
718,extends,3,0.00012124151309408342,-1.0986122886681098,-0.00013319741618187558
437,destroy,3,0.00012124151309408342,-1.0986122886681098,-0.00013319741618187558
344,creates,3,0.00012124151309408342,-1.0986122886681098,-0.00013319741618187558
342,messages,3,0.00012124151309408342,-1.0986122886681098,-0.00013319741618187558
765,idi,3,0.00012124151309408342,-1.0986122886681098,-0.00013319741618187558
736,ignore,3,0.00012124151309408342,-1.0986122886681098,-0.00013319741618187558
290,always,3,0.00012124151309408342,-1.0986122886681098,-0.00013319741618187558
313,item,3,0.00012124151309408342,-1.0986122886681098,-0.00013319741618187558
837,function,3,0.00012124151309408342,-1.0986122886681098,-0.00013319741618187558
401,double,3,0.00012124151309408342,-1.0986122886681098,-0.00013319741618187558
100,contrast,3,0.00012124151309408342,-1.0986122886681098,-0.00013319741618187558
192,programming,3,0.00012124151309408342,-1.0986122886681098,-0.00013319741618187558
678,robust,3,0.00012124151309408342,-1.0986122886681098,-0.00013319741618187558
847,link,3,0.00012124151309408342,-1.0986122886681098,-0.00013319741618187558
174,defines,3,0.00012124151309408342,-1.0986122886681098,-0.00013319741618187558
913,push,3,0.00012124151309408342,-1.0986122886681098,-0.00013319741618187558
594,been,3,0.00012124151309408342,-1.0986122886681098,-0.00013319741618187558
57,gui,3,0.00012124151309408342,-1.0986122886681098,-0.00013319741618187558
590,optional,3,0.00012124151309408342,-1.0986122886681098,-0.00013319741618187558
668,assignment,3,0.00012124151309408342,-1.0986122886681098,-0.00013319741618187558
61,leave,3,0.00012124151309408342,-1.0986122886681098,-0.00013319741618187558
534,label,3,0.00012124151309408342,-1.0986122886681098,-0.00013319741618187558
505,inthis,3,0.00012124151309408342,-1.0986122886681098,-0.00013319741618187558
536,case,3,0.00012124151309408342,-1.0986122886681098,-0.00013319741618187558
538,between,3,0.00012124151309408342,-1.0986122886681098,-0.00013319741618187558
62,trivialapplication,3,0.00012124151309408342,-1.0986122886681098,-0.00013319741618187558
862,bounds,3,0.00012124151309408342,-1.0986122886681098,-0.00013319741618187558
584,allocated,3,0.00012124151309408342,-1.0986122886681098,-0.00013319741618187558
557,bfoo,3,0.00012124151309408342,-1.0986122886681098,-0.00013319741618187558
558,stat1,3,0.00012124151309408342,-1.0986122886681098,-0.00013319741618187558
877,char,3,0.00012124151309408342,-1.0986122886681098,-0.00013319741618187558
112,address,3,0.00012124151309408342,-1.0986122886681098,-0.00013319741618187558
107,equals,3,0.00012124151309408342,-1.0986122886681098,-0.00013319741618187558
901,arithmetic,3,0.00012124151309408342,-1.0986122886681098,-0.00013319741618187558
105,compilation,3,0.00012124151309408342,-1.0986122886681098,-0.00013319741618187558
89,section,3,0.00012124151309408342,-1.0986122886681098,-0.00013319741618187558
569,reside,3,0.00012124151309408342,-1.0986122886681098,-0.00013319741618187558
858,default,3,0.00012124151309408342,-1.0986122886681098,-0.00013319741618187558
503,assigned,3,0.00012124151309408342,-1.0986122886681098,-0.00013319741618187558
891,awt,3,0.00012124151309408342,-1.0986122886681098,-0.00013319741618187558
632,loop,3,0.00012124151309408342,-1.0986122886681098,-0.00013319741618187558
463,text,3,0.00012124151309408342,-1.0986122886681098,-0.00013319741618187558
14,edu,3,0.00012124151309408342,-1.0986122886681098,-0.00013319741618187558
794,nothing,3,0.00012124151309408342,-1.0986122886681098,-0.00013319741618187558
918,structure,3,0.00012124151309408342,-1.0986122886681098,-0.00013319741618187558
268,html,3,0.00012124151309408342,-1.0986122886681098,-0.00013319741618187558
267,window,3,0.00012124151309408342,-1.0986122886681098,-0.00013319741618187558
800,automatically,3,0.00012124151309408342,-1.0986122886681098,-0.00013319741618187558
263,dispose,3,0.00012124151309408342,-1.0986122886681098,-0.00013319741618187558
704,appletviewer,3,0.00012124151309408342,-1.0986122886681098,-0.00013319741618187558
7,dynamic,3,0.00012124151309408342,-1.0986122886681098,-0.00013319741618187558
28,those,3,0.00012124151309408342,-1.0986122886681098,-0.00013319741618187558
274,float,3,0.00012124151309408342,-1.0986122886681098,-0.00013319741618187558
810,within,3,0.00012124151309408342,-1.0986122886681098,-0.00013319741618187558
243,allow,3,0.00012124151309408342,-1.0986122886681098,-0.00013319741618187558
31,include,3,0.00012124151309408342,-1.0986122886681098,-0.00013319741618187558
32,resources,3,0.00012124151309408342,-1.0986122886681098,-0.00013319741618187558
237,height,3,0.00012124151309408342,-1.0986122886681098,-0.00013319741618187558
815,references,3,0.00012124151309408342,-1.0986122886681098,-0.00013319741618187558
624,will,3,0.00012124151309408342,-1.0986122886681098,-0.00013319741618187558
285,easily,3,0.00012124151309408342,-1.0986122886681098,-0.00013319741618187558
1,limited,3,0.00012124151309408342,-1.0986122886681098,-0.00013319741618187558
603,life,3,0.00012124151309408342,-1.0986122886681098,-0.00013319741618187558
43,every,3,0.00012124151309408342,-1.0986122886681098,-0.00013319741618187558
809,into,3,0.00012124151309408342,-1.0986122886681098,-0.00013319741618187558
647,containing,2,8.082767539605561e-05,-0.6931471805599453,-5.602547531199041e-05
419,javabasics,2,8.082767539605561e-05,-0.6931471805599453,-5.602547531199041e-05
580,simply,2,8.082767539605561e-05,-0.6931471805599453,-5.602547531199041e-05
638,hardware,2,8.082767539605561e-05,-0.6931471805599453,-5.602547531199041e-05
614,multi,2,8.082767539605561e-05,-0.6931471805599453,-5.602547531199041e-05
645,thesame,2,8.082767539605561e-05,-0.6931471805599453,-5.602547531199041e-05
417,dynamically,2,8.082767539605561e-05,-0.6931471805599453,-5.602547531199041e-05
727,world,2,8.082767539605561e-05,-0.6931471805599453,-5.602547531199041e-05
582,orin,2,8.082767539605561e-05,-0.6931471805599453,-5.602547531199041e-05
617,unlike,2,8.082767539605561e-05,-0.6931471805599453,-5.602547531199041e-05
589,addition,2,8.082767539605561e-05,-0.6931471805599453,-5.602547531199041e-05
612,instantiates,2,8.082767539605561e-05,-0.6931471805599453,-5.602547531199041e-05
640,itself,2,8.082767539605561e-05,-0.6931471805599453,-5.602547531199041e-05
605,instantiated,2,8.082767539605561e-05,-0.6931471805599453,-5.602547531199041e-05
410,declare,2,8.082767539605561e-05,-0.6931471805599453,-5.602547531199041e-05
628,behavior,2,8.082767539605561e-05,-0.6931471805599453,-5.602547531199041e-05
705,secure,2,8.082767539605561e-05,-0.6931471805599453,-5.602547531199041e-05
663,independent,2,8.082767539605561e-05,-0.6931471805599453,-5.602547531199041e-05
428,settitle,2,8.082767539605561e-05,-0.6931471805599453,-5.602547531199041e-05
491,handle,2,8.082767539605561e-05,-0.6931471805599453,-5.602547531199041e-05
689,components,2,8.082767539605561e-05,-0.6931471805599453,-5.602547531199041e-05
486,employee,2,8.082767539605561e-05,-0.6931471805599453,-5.602547531199041e-05
482,written,2,8.082767539605561e-05,-0.6931471805599453,-5.602547531199041e-05
480,menu,2,8.082767539605561e-05,-0.6931471805599453,-5.602547531199041e-05
452,trivialapplet,2,8.082767539605561e-05,-0.6931471805599453,-5.602547531199041e-05
694,just,2,8.082767539605561e-05,-0.6931471805599453,-5.602547531199041e-05
701,unicode,2,8.082767539605561e-05,-0.6931471805599453,-5.602547531199041e-05
466,syntax,2,8.082767539605561e-05,-0.6931471805599453,-5.602547531199041e-05
453,codeint,2,8.082767539605561e-05,-0.6931471805599453,-5.602547531199041e-05
703,yet,2,8.082767539605561e-05,-0.6931471805599453,-5.602547531199041e-05
707,web,2,8.082767539605561e-05,-0.6931471805599453,-5.602547531199041e-05
464,labels,2,8.082767539605561e-05,-0.6931471805599453,-5.602547531199041e-05
455,points,2,8.082767539605561e-05,-0.6931471805599453,-5.602547531199041e-05
456,error,2,8.082767539605561e-05,-0.6931471805599453,-5.602547531199041e-05
496,cannot,2,8.082767539605561e-05,-0.6931471805599453,-5.602547531199041e-05
722,checking,2,8.082767539605561e-05,-0.6931471805599453,-5.602547531199041e-05
498,during,2,8.082767539605561e-05,-0.6931471805599453,-5.602547531199041e-05
512,bad,2,8.082767539605561e-05,-0.6931471805599453,-5.602547531199041e-05
565,etc,2,8.082767539605561e-05,-0.6931471805599453,-5.602547531199041e-05
564,display,2,8.082767539605561e-05,-0.6931471805599453,-5.602547531199041e-05
654,tothe,2,8.082767539605561e-05,-0.6931471805599453,-5.602547531199041e-05
657,member,2,8.082767539605561e-05,-0.6931471805599453,-5.602547531199041e-05
552,come,2,8.082767539605561e-05,-0.6931471805599453,-5.602547531199041e-05
548,illustrate,2,8.082767539605561e-05,-0.6931471805599453,-5.602547531199041e-05
546,opening,2,8.082767539605561e-05,-0.6931471805599453,-5.602547531199041e-05
459,left,2,8.082767539605561e-05,-0.6931471805599453,-5.602547531199041e-05
541,available,2,8.082767539605561e-05,-0.6931471805599453,-5.602547531199041e-05
717,valid,2,8.082767539605561e-05,-0.6931471805599453,-5.602547531199041e-05
533,ieee,2,8.082767539605561e-05,-0.6931471805599453,-5.602547531199041e-05
531,invoked,2,8.082767539605561e-05,-0.6931471805599453,-5.602547531199041e-05
439,added,2,8.082767539605561e-05,-0.6931471805599453,-5.602547531199041e-05
670,dereference,2,8.082767539605561e-05,-0.6931471805599453,-5.602547531199041e-05
519,ignored,2,8.082767539605561e-05,-0.6931471805599453,-5.602547531199041e-05
682,task,2,8.082767539605561e-05,-0.6931471805599453,-5.602547531199041e-05
506,bar,2,8.082767539605561e-05,-0.6931471805599453,-5.602547531199041e-05
936,once,2,8.082767539605561e-05,-0.6931471805599453,-5.602547531199041e-05
400,keyword,2,8.082767539605561e-05,-0.6931471805599453,-5.602547531199041e-05
816,objectsa,2,8.082767539605561e-05,-0.6931471805599453,-5.602547531199041e-05
234,documentation,2,8.082767539605561e-05,-0.6931471805599453,-5.602547531199041e-05
238,perform,2,8.082767539605561e-05,-0.6931471805599453,-5.602547531199041e-05
888,index,2,8.082767539605561e-05,-0.6931471805599453,-5.602547531199041e-05
250,interpreted,2,8.082767539605561e-05,-0.6931471805599453,-5.602547531199041e-05
251,suspend,2,8.082767539605561e-05,-0.6931471805599453,-5.602547531199041e-05
896,appletname,2,8.082767539605561e-05,-0.6931471805599453,-5.602547531199041e-05
83,what,2,8.082767539605561e-05,-0.6931471805599453,-5.602547531199041e-05
229,lifecycle,2,8.082767539605561e-05,-0.6931471805599453,-5.602547531199041e-05
265,forms,2,8.082767539605561e-05,-0.6931471805599453,-5.602547531199041e-05
79,initialized,2,8.082767539605561e-05,-0.6931471805599453,-5.602547531199041e-05
277,break,2,8.082767539605561e-05,-0.6931471805599453,-5.602547531199041e-05
796,constructor,2,8.082767539605561e-05,-0.6931471805599453,-5.602547531199041e-05
284,instanceof,2,8.082767539605561e-05,-0.6931471805599453,-5.602547531199041e-05
76,accessing,2,8.082767539605561e-05,-0.6931471805599453,-5.602547531199041e-05
75,second,2,8.082767539605561e-05,-0.6931471805599453,-5.602547531199041e-05
68,expressionsitemexamples,2,8.082767539605561e-05,-0.6931471805599453,-5.602547531199041e-05
66,freed,2,8.082767539605561e-05,-0.6931471805599453,-5.602547531199041e-05
273,non,2,8.082767539605561e-05,-0.6931471805599453,-5.602547531199041e-05
778,host,2,8.082767539605561e-05,-0.6931471805599453,-5.602547531199041e-05
113,standard,2,8.082767539605561e-05,-0.6931471805599453,-5.602547531199041e-05
118,delimited,2,8.082767539605561e-05,-0.6931471805599453,-5.602547531199041e-05
159,comparison,2,8.082767539605561e-05,-0.6931471805599453,-5.602547531199041e-05
158,continue,2,8.082767539605561e-05,-0.6931471805599453,-5.602547531199041e-05
166,ofc,2,8.082767539605561e-05,-0.6931471805599453,-5.602547531199041e-05
167,particular,2,8.082767539605561e-05,-0.6931471805599453,-5.602547531199041e-05
857,versions,2,8.082767539605561e-05,-0.6931471805599453,-5.602547531199041e-05
172,ii,2,8.082767539605561e-05,-0.6931471805599453,-5.602547531199041e-05
176,portability,2,8.082767539605561e-05,-0.6931471805599453,-5.602547531199041e-05
154,more,2,8.082767539605561e-05,-0.6931471805599453,-5.602547531199041e-05
220,them,2,8.082767539605561e-05,-0.6931471805599453,-5.602547531199041e-05
861,declarations,2,8.082767539605561e-05,-0.6931471805599453,-5.602547531199041e-05
839,complete,2,8.082767539605561e-05,-0.6931471805599453,-5.602547531199041e-05
143,contains,2,8.082767539605561e-05,-0.6931471805599453,-5.602547531199041e-05
864,placed,2,8.082767539605561e-05,-0.6931471805599453,-5.602547531199041e-05
134,unit,2,8.082767539605561e-05,-0.6931471805599453,-5.602547531199041e-05
203,constant3,2,8.082767539605561e-05,-0.6931471805599453,-5.602547531199041e-05
831,stylecomments,2,8.082767539605561e-05,-0.6931471805599453,-5.602547531199041e-05
213,instead,2,8.082767539605561e-05,-0.6931471805599453,-5.602547531199041e-05
128,addresses,2,8.082767539605561e-05,-0.6931471805599453,-5.602547531199041e-05
144,concatenate,2,8.082767539605561e-05,-0.6931471805599453,-5.602547531199041e-05
63,vector,2,8.082767539605561e-05,-0.6931471805599453,-5.602547531199041e-05
272,arguments,2,8.082767539605561e-05,-0.6931471805599453,-5.602547531199041e-05
362,done,2,8.082767539605561e-05,-0.6931471805599453,-5.602547531199041e-05
922,longer,2,8.082767539605561e-05,-0.6931471805599453,-5.602547531199041e-05
357,features,2,8.082767539605561e-05,-0.6931471805599453,-5.602547531199041e-05
923,calls,2,8.082767539605561e-05,-0.6931471805599453,-5.602547531199041e-05
924,values,2,8.082767539605561e-05,-0.6931471805599453,-5.602547531199041e-05
24,environment,2,8.082767539605561e-05,-0.6931471805599453,-5.602547531199041e-05
752,alt,2,8.082767539605561e-05,-0.6931471805599453,-5.602547531199041e-05
42,handling,2,8.082767539605561e-05,-0.6931471805599453,-5.602547531199041e-05
368,sockets,2,8.082767539605561e-05,-0.6931471805599453,-5.602547531199041e-05
17,causes,2,8.082767539605561e-05,-0.6931471805599453,-5.602547531199041e-05
15,constants,2,8.082767539605561e-05,-0.6931471805599453,-5.602547531199041e-05
374,their,2,8.082767539605561e-05,-0.6931471805599453,-5.602547531199041e-05
9,existing,2,8.082767539605561e-05,-0.6931471805599453,-5.602547531199041e-05
5,buttonsbutton,2,8.082767539605561e-05,-0.6931471805599453,-5.602547531199041e-05
399,wide,2,8.082767539605561e-05,-0.6931471805599453,-5.602547531199041e-05
928,hello,2,8.082767539605561e-05,-0.6931471805599453,-5.602547531199041e-05
45,specific,2,8.082767539605561e-05,-0.6931471805599453,-5.602547531199041e-05
161,prints,2,8.082767539605561e-05,-0.6931471805599453,-5.602547531199041e-05
770,variablename,2,8.082767539605561e-05,-0.6931471805599453,-5.602547531199041e-05
764,subclass,2,8.082767539605561e-05,-0.6931471805599453,-5.602547531199041e-05
330,mml,2,8.082767539605561e-05,-0.6931471805599453,-5.602547531199041e-05
54,level,2,8.082767539605561e-05,-0.6931471805599453,-5.602547531199041e-05
856,places,1,4.041383769802781e-05,0.0,0.0
869,otherjava,1,4.041383769802781e-05,0.0,0.0
660,virtually,1,4.041383769802781e-05,0.0,0.0
927,together,1,4.041383769802781e-05,0.0,0.0
661,several,1,4.041383769802781e-05,0.0,0.0
905,jperforms,1,4.041383769802781e-05,0.0,0.0
906,thisstatement,1,4.041383769802781e-05,0.0,0.0
866,arraya,1,4.041383769802781e-05,0.0,0.0
662,difficult,1,4.041383769802781e-05,0.0,0.0
865,converted,1,4.041383769802781e-05,0.0,0.0
929,implied,1,4.041383769802781e-05,0.0,0.0
907,max_value,1,4.041383769802781e-05,0.0,0.0
931,short16,1,4.041383769802781e-05,0.0,0.0
860,tnew,1,4.041383769802781e-05,0.0,0.0
665,namelistqualified,1,4.041383769802781e-05,0.0,0.0
630,typesthe,1,4.041383769802781e-05,0.0,0.0
932,leaked,1,4.041383769802781e-05,0.0,0.0
859,onetwo,1,4.041383769802781e-05,0.0,0.0
629,applies,1,4.041383769802781e-05,0.0,0.0
666,bitsint32,1,4.041383769802781e-05,0.0,0.0
908,symbol,1,4.041383769802781e-05,0.0,0.0
933,expressionsmost,1,4.041383769802781e-05,0.0,0.0
667,togroup,1,4.041383769802781e-05,0.0,0.0
912,typesprimitive,1,4.041383769802781e-05,0.0,0.0
934,requires,1,4.041383769802781e-05,0.0,0.0
911,systemresources,1,4.041383769802781e-05,0.0,0.0
659,drawstring,1,4.041383769802781e-05,0.0,0.0
658,amethod,1,4.041383769802781e-05,0.0,0.0
926,modules,1,4.041383769802781e-05,0.0,0.0
917,methodcauses,1,4.041383769802781e-05,0.0,0.0
919,searches,1,4.041383769802781e-05,0.0,0.0
916,notpresent,1,4.041383769802781e-05,0.0,0.0
899,depot,1,4.041383769802781e-05,0.0,0.0
920,injava,1,4.041383769802781e-05,0.0,0.0
649,nullpointerexception,1,4.041383769802781e-05,0.0,0.0
895,details,1,4.041383769802781e-05,0.0,0.0
892,members,1,4.041383769802781e-05,0.0,0.0
650,generic,1,4.041383769802781e-05,0.0,0.0
889,paramtest,1,4.041383769802781e-05,0.0,0.0
921,automaticallys,1,4.041383769802781e-05,0.0,0.0
641,javaruntime,1,4.041383769802781e-05,0.0,0.0
886,collectionan,1,4.041383769802781e-05,0.0,0.0
885,compared,1,4.041383769802781e-05,0.0,0.0
870,storing,1,4.041383769802781e-05,0.0,0.0
651,things,1,4.041383769802781e-05,0.0,0.0
646,whenquitting,1,4.041383769802781e-05,0.0,0.0
914,bitschar16,1,4.041383769802781e-05,0.0,0.0
902,yourbrowser,1,4.041383769802781e-05,0.0,0.0
642,declarationsa,1,4.041383769802781e-05,0.0,0.0
883,fill,1,4.041383769802781e-05,0.0,0.0
910,codenew,1,4.041383769802781e-05,0.0,0.0
653,classpath,1,4.041383769802781e-05,0.0,0.0
882,intentionally,1,4.041383769802781e-05,0.0,0.0
634,malloc,1,4.041383769802781e-05,0.0,0.0
875,deep,1,4.041383769802781e-05,0.0,0.0
874,differently,1,4.041383769802781e-05,0.0,0.0
633,suffixdouble,1,4.041383769802781e-05,0.0,0.0
656,tells,1,4.041383769802781e-05,0.0,0.0
884,incorrect,1,4.041383769802781e-05,0.0,0.0
909,statdo,1,4.041383769802781e-05,0.0,0.0
842,concatenated,1,4.041383769802781e-05,0.0,0.0
855,portions,1,4.041383769802781e-05,0.0,0.0
760,literals,1,4.041383769802781e-05,0.0,0.0
762,broad,1,4.041383769802781e-05,0.0,0.0
763,avoid,1,4.041383769802781e-05,0.0,0.0
767,market,1,4.041383769802781e-05,0.0,0.0
768,int00000in,1,4.041383769802781e-05,0.0,0.0
715,bitmaps,1,4.041383769802781e-05,0.0,0.0
713,guaranteed,1,4.041383769802781e-05,0.0,0.0
712,copyjava,1,4.041383769802781e-05,0.0,0.0
711,also,1,4.041383769802781e-05,0.0,0.0
719,effort,1,4.041383769802781e-05,0.0,0.0
772,lowest,1,4.041383769802781e-05,0.0,0.0
777,codebutton,1,4.041383769802781e-05,0.0,0.0
779,loadable,1,4.041383769802781e-05,0.0,0.0
780,namelistobj,1,4.041383769802781e-05,0.0,0.0
784,deallocating,1,4.041383769802781e-05,0.0,0.0
786,anything,1,4.041383769802781e-05,0.0,0.0
790,stacks,1,4.041383769802781e-05,0.0,0.0
791,discussed,1,4.041383769802781e-05,0.0,0.0
706,isrevisited,1,4.041383769802781e-05,0.0,0.0
792,compatible,1,4.041383769802781e-05,0.0,0.0
774,orviruses,1,4.041383769802781e-05,0.0,0.0
793,remains,1,4.041383769802781e-05,0.0,0.0
759,provided,1,4.041383769802781e-05,0.0,0.0
756,proper,1,4.041383769802781e-05,0.0,0.0
732,follows,1,4.041383769802781e-05,0.0,0.0
731,sizes,1,4.041383769802781e-05,0.0,0.0
734,disks,1,4.041383769802781e-05,0.0,0.0
735,translates,1,4.041383769802781e-05,0.0,0.0
739,translated,1,4.041383769802781e-05,0.0,0.0
741,returnreturn,1,4.041383769802781e-05,0.0,0.0
742,page,1,4.041383769802781e-05,0.0,0.0
745,sstill,1,4.041383769802781e-05,0.0,0.0
747,stat1case,1,4.041383769802781e-05,0.0,0.0
758,happens,1,4.041383769802781e-05,0.0,0.0
726,commentary,1,4.041383769802781e-05,0.0,0.0
749,creation,1,4.041383769802781e-05,0.0,0.0
725,burden,1,4.041383769802781e-05,0.0,0.0
724,five,1,4.041383769802781e-05,0.0,0.0
750,back,1,4.041383769802781e-05,0.0,0.0
753,startingclassname,1,4.041383769802781e-05,0.0,0.0
723,ifthey,1,4.041383769802781e-05,0.0,0.0
754,superclass,1,4.041383769802781e-05,0.0,0.0
755,specified,1,4.041383769802781e-05,0.0,0.0
720,initializersvariables,1,4.041383769802781e-05,0.0,0.0
748,sends,1,4.041383769802781e-05,0.0,0.0
795,objectsassignment,1,4.041383769802781e-05,0.0,0.0
797,thereforejava,1,4.041383769802781e-05,0.0,0.0
801,software,1,4.041383769802781e-05,0.0,0.0
830,specifically,1,4.041383769802781e-05,0.0,0.0
683,undefined,1,4.041383769802781e-05,0.0,0.0
833,terminates,1,4.041383769802781e-05,0.0,0.0
834,notices,1,4.041383769802781e-05,0.0,0.0
835,sections,1,4.041383769802781e-05,0.0,0.0
681,youmust,1,4.041383769802781e-05,0.0,0.0
836,archives,1,4.041383769802781e-05,0.0,0.0
838,tedious,1,4.041383769802781e-05,0.0,0.0
680,thatspecify,1,4.041383769802781e-05,0.0,0.0
829,generatedocumentation,1,4.041383769802781e-05,0.0,0.0
841,arraysint,1,4.041383769802781e-05,0.0,0.0
843,differences,1,4.041383769802781e-05,0.0,0.0
845,suffixhexadecimal,1,4.041383769802781e-05,0.0,0.0
849,src,1,4.041383769802781e-05,0.0,0.0
675,user,1,4.041383769802781e-05,0.0,0.0
851,tosubclass,1,4.041383769802781e-05,0.0,0.0
673,running,1,4.041383769802781e-05,0.0,0.0
672,allocation,1,4.041383769802781e-05,0.0,0.0
853,ifyou,1,4.041383769802781e-05,0.0,0.0
854,stat1if,1,4.041383769802781e-05,0.0,0.0
733,reduces,1,4.041383769802781e-05,0.0,0.0
685,well,1,4.041383769802781e-05,0.0,0.0
686,integrateyour,1,4.041383769802781e-05,0.0,0.0
827,programmingthe,1,4.041383769802781e-05,0.0,0.0
700,invalid,1,4.041383769802781e-05,0.0,0.0
699,stored,1,4.041383769802781e-05,0.0,0.0
698,tobe,1,4.041383769802781e-05,0.0,0.0
802,freeing,1,4.041383769802781e-05,0.0,0.0
697,named,1,4.041383769802781e-05,0.0,0.0
807,assignments,1,4.041383769802781e-05,0.0,0.0
695,linked,1,4.041383769802781e-05,0.0,0.0
808,typedescriptionbooleantrue,1,4.041383769802781e-05,0.0,0.0
811,terence,1,4.041383769802781e-05,0.0,0.0
812,iconifyyour,1,4.041383769802781e-05,0.0,0.0
692,latest,1,4.041383769802781e-05,0.0,0.0
813,appropriate,1,4.041383769802781e-05,0.0,0.0
691,drawing,1,4.041383769802781e-05,0.0,0.0
819,old,1,4.041383769802781e-05,0.0,0.0
820,youoverride,1,4.041383769802781e-05,0.0,0.0
822,bitslong64,1,4.041383769802781e-05,0.0,0.0
823,often,1,4.041383769802781e-05,0.0,0.0
688,command,1,4.041383769802781e-05,0.0,0.0
824,terminated,1,4.041383769802781e-05,0.0,0.0
687,objectsbutton,1,4.041383769802781e-05,0.0,0.0
825,area,1,4.041383769802781e-05,0.0,0.0
669,frameremoves,1,4.041383769802781e-05,0.0,0.0
627,themout,1,4.041383769802781e-05,0.0,0.0
0,constant077nullthe,1,4.041383769802781e-05,0.0,0.0
621,single,1,4.041383769802781e-05,0.0,0.0
196,descriptionjava,1,4.041383769802781e-05,0.0,0.0
197,calledonce,1,4.041383769802781e-05,0.0,0.0
199,something,1,4.041383769802781e-05,0.0,0.0
200,cloneable,1,4.041383769802781e-05,0.0,0.0
201,allowed,1,4.041383769802781e-05,0.0,0.0
202,calledequals,1,4.041383769802781e-05,0.0,0.0
204,native,1,4.041383769802781e-05,0.0,0.0
205,descriptionidi,1,4.041383769802781e-05,0.0,0.0
206,callclass,1,4.041383769802781e-05,0.0,0.0
208,intsvector,1,4.041383769802781e-05,0.0,0.0
209,deallocated,1,4.041383769802781e-05,0.0,0.0
212,menus,1,4.041383769802781e-05,0.0,0.0
215,acollection,1,4.041383769802781e-05,0.0,0.0
217,surroundingit,1,4.041383769802781e-05,0.0,0.0
219,after,1,4.041383769802781e-05,0.0,0.0
195,javadoc,1,4.041383769802781e-05,0.0,0.0
222,diagram,1,4.041383769802781e-05,0.0,0.0
193,bitsfloat32,1,4.041383769802781e-05,0.0,0.0
189,andformats,1,4.041383769802781e-05,0.0,0.0
160,becomes,1,4.041383769802781e-05,0.0,0.0
162,whiledo,1,4.041383769802781e-05,0.0,0.0
163,double64,1,4.041383769802781e-05,0.0,0.0
164,elementsjava,1,4.041383769802781e-05,0.0,0.0
165,heapwould,1,4.041383769802781e-05,0.0,0.0
169,appletthe,1,4.041383769802781e-05,0.0,0.0
170,structs,1,4.041383769802781e-05,0.0,0.0
173,lowercase,1,4.041383769802781e-05,0.0,0.0
179,standalone,1,4.041383769802781e-05,0.0,0.0
180,modified,1,4.041383769802781e-05,0.0,0.0
181,dlls,1,4.041383769802781e-05,0.0,0.0
182,respond,1,4.041383769802781e-05,0.0,0.0
185,making,1,4.041383769802781e-05,0.0,0.0
186,closing,1,4.041383769802781e-05,0.0,0.0
187,executionsequence,1,4.041383769802781e-05,0.0,0.0
191,figure,1,4.041383769802781e-05,0.0,0.0
224,jumping,1,4.041383769802781e-05,0.0,0.0
225,designed,1,4.041383769802781e-05,0.0,0.0
226,functionthat,1,4.041383769802781e-05,0.0,0.0
270,leakage,1,4.041383769802781e-05,0.0,0.0
276,combination,1,4.041383769802781e-05,0.0,0.0
278,effects,1,4.041383769802781e-05,0.0,0.0
281,linking,1,4.041383769802781e-05,0.0,0.0
282,arrayobject,1,4.041383769802781e-05,0.0,0.0
289,parameterscodebase,1,4.041383769802781e-05,0.0,0.0
291,accompanying,1,4.041383769802781e-05,0.0,0.0
292,exceptionsjava,1,4.041383769802781e-05,0.0,0.0
294,stringsjava,1,4.041383769802781e-05,0.0,0.0
296,referred,1,4.041383769802781e-05,0.0,0.0
297,harm,1,4.041383769802781e-05,0.0,0.0
298,square,1,4.041383769802781e-05,0.0,0.0
300,buttonnull,1,4.041383769802781e-05,0.0,0.0
301,related,1,4.041383769802781e-05,0.0,0.0
302,realobjects,1,4.041383769802781e-05,0.0,0.0
269,systems,1,4.041383769802781e-05,0.0,0.0
264,basicstopics,1,4.041383769802781e-05,0.0,0.0
262,jim,1,4.041383769802781e-05,0.0,0.0
261,interesting,1,4.041383769802781e-05,0.0,0.0
231,objectprimitive,1,4.041383769802781e-05,0.0,0.0
232,whenever,1,4.041383769802781e-05,0.0,0.0
233,netscapenavigator,1,4.041383769802781e-05,0.0,0.0
235,lines,1,4.041383769802781e-05,0.0,0.0
239,complexity,1,4.041383769802781e-05,0.0,0.0
240,statementsstatementexamplesifif,1,4.041383769802781e-05,0.0,0.0
242,block,1,4.041383769802781e-05,0.0,0.0
157,inaccessible,1,4.041383769802781e-05,0.0,0.0
244,semanticswe,1,4.041383769802781e-05,0.0,0.0
247,operations,1,4.041383769802781e-05,0.0,0.0
249,pointed,1,4.041383769802781e-05,0.0,0.0
252,ofyour,1,4.041383769802781e-05,0.0,0.0
253,looks,1,4.041383769802781e-05,0.0,0.0
254,interpreter,1,4.041383769802781e-05,0.0,0.0
256,before,1,4.041383769802781e-05,0.0,0.0
259,img,1,4.041383769802781e-05,0.0,0.0
246,order,1,4.041383769802781e-05,0.0,0.0
156,objectgeneral,1,4.041383769802781e-05,0.0,0.0
155,thedifference,1,4.041383769802781e-05,0.0,0.0
152,andt,1,4.041383769802781e-05,0.0,0.0
52,publicly,1,4.041383769802781e-05,0.0,0.0
53,immediately,1,4.041383769802781e-05,0.0,0.0
55,deallocates,1,4.041383769802781e-05,0.0,0.0
56,issue,1,4.041383769802781e-05,0.0,0.0
58,allocateduntil,1,4.041383769802781e-05,0.0,0.0
60,arithmeticjava,1,4.041383769802781e-05,0.0,0.0
64,statementsjava,1,4.041383769802781e-05,0.0,0.0
67,literaltrue,1,4.041383769802781e-05,0.0,0.0
69,upper,1,4.041383769802781e-05,0.0,0.0
70,pretend,1,4.041383769802781e-05,0.0,0.0
73,calledarrayindexoutofboundsexception,1,4.041383769802781e-05,0.0,0.0
74,keywords,1,4.041383769802781e-05,0.0,0.0
77,displays,1,4.041383769802781e-05,0.0,0.0
80,hspace,1,4.041383769802781e-05,0.0,0.0
84,abc,1,4.041383769802781e-05,0.0,0.0
51,internally,1,4.041383769802781e-05,0.0,0.0
49,atruntime,1,4.041383769802781e-05,0.0,0.0
48,common,1,4.041383769802781e-05,0.0,0.0
47,fragments,1,4.041383769802781e-05,0.0,0.0
4,forget,1,4.041383769802781e-05,0.0,0.0
8,alljava,1,4.041383769802781e-05,0.0,0.0
10,leads,1,4.041383769802781e-05,0.0,0.0
11,equalitytwo,1,4.041383769802781e-05,0.0,0.0
12,manager,1,4.041383769802781e-05,0.0,0.0
19,nested,1,4.041383769802781e-05,0.0,0.0
21,referring,1,4.041383769802781e-05,0.0,0.0
85,relieving,1,4.041383769802781e-05,0.0,0.0
22,iii,1,4.041383769802781e-05,0.0,0.0
29,stat2default,1,4.041383769802781e-05,0.0,0.0
30,toconvert,1,4.041383769802781e-05,0.0,0.0
35,lack,1,4.041383769802781e-05,0.0,0.0
37,advantage,1,4.041383769802781e-05,0.0,0.0
39,buttonsa,1,4.041383769802781e-05,0.0,0.0
44,othermachines,1,4.041383769802781e-05,0.0,0.0
46,usestringbuffer,1,4.041383769802781e-05,0.0,0.0
23,javavariables,1,4.041383769802781e-05,0.0,0.0
304,longerneeded,1,4.041383769802781e-05,0.0,0.0
86,bindjava,1,4.041383769802781e-05,0.0,0.0
88,lifecyclemethodsthe,1,4.041383769802781e-05,0.0,0.0
123,codedirectly,1,4.041383769802781e-05,0.0,0.0
125,publicclass,1,4.041383769802781e-05,0.0,0.0
127,useful,1,4.041383769802781e-05,0.0,0.0
129,notnecessary,1,4.041383769802781e-05,0.0,0.0
130,visible,1,4.041383769802781e-05,0.0,0.0
131,crashesduring,1,4.041383769802781e-05,0.0,0.0
132,apply,1,4.041383769802781e-05,0.0,0.0
133,testcommentsjava,1,4.041383769802781e-05,0.0,0.0
135,flavors,1,4.041383769802781e-05,0.0,0.0
137,executionthe,1,4.041383769802781e-05,0.0,0.0
139,takes,1,4.041383769802781e-05,0.0,0.0
142,illegal,1,4.041383769802781e-05,0.0,0.0
146,next,1,4.041383769802781e-05,0.0,0.0
147,leaks,1,4.041383769802781e-05,0.0,0.0
150,idinteger,1,4.041383769802781e-05,0.0,0.0
122,statwhilewhile,1,4.041383769802781e-05,0.0,0.0
121,needsto,1,4.041383769802781e-05,0.0,0.0
120,leaves,1,4.041383769802781e-05,0.0,0.0
119,shift,1,4.041383769802781e-05,0.0,0.0
90,e6d,1,4.041383769802781e-05,0.0,0.0
92,npackage,1,4.041383769802781e-05,0.0,0.0
93,applicationconsider,1,4.041383769802781e-05,0.0,0.0
95,above,1,4.041383769802781e-05,0.0,0.0
97,pointeryou,1,4.041383769802781e-05,0.0,0.0
98,pronejava,1,4.041383769802781e-05,0.0,0.0
101,body,1,4.041383769802781e-05,0.0,0.0
87,brackets,1,4.041383769802781e-05,0.0,0.0
102,scrollbars,1,4.041383769802781e-05,0.0,0.0
104,objectoperatorsthe,1,4.041383769802781e-05,0.0,0.0
106,intsnew,1,4.041383769802781e-05,0.0,0.0
109,macapplication,1,4.041383769802781e-05,0.0,0.0
111,operating,1,4.041383769802781e-05,0.0,0.0
114,applettemplate,1,4.041383769802781e-05,0.0,0.0
115,redrawn,1,4.041383769802781e-05,0.0,0.0
116,tostring,1,4.041383769802781e-05,0.0,0.0
103,availablefor,1,4.041383769802781e-05,0.0,0.0
626,vspace,1,4.041383769802781e-05,0.0,0.0
305,thatknow,1,4.041383769802781e-05,0.0,0.0
310,try,1,4.041383769802781e-05,0.0,0.0
507,javaobject,1,4.041383769802781e-05,0.0,0.0
509,commentswhere,1,4.041383769802781e-05,0.0,0.0
513,processed,1,4.041383769802781e-05,0.0,0.0
515,including,1,4.041383769802781e-05,0.0,0.0
516,steal,1,4.041383769802781e-05,0.0,0.0
517,hostplatform,1,4.041383769802781e-05,0.0,0.0
518,conversions,1,4.041383769802781e-05,0.0,0.0
521,mandatory,1,4.041383769802781e-05,0.0,0.0
523,thereby,1,4.041383769802781e-05,0.0,0.0
524,nonportable,1,4.041383769802781e-05,0.0,0.0
526,computer,1,4.041383769802781e-05,0.0,0.0
528,functionwould,1,4.041383769802781e-05,0.0,0.0
529,corrupt,1,4.041383769802781e-05,0.0,0.0
530,becausethey,1,4.041383769802781e-05,0.0,0.0
532,stats,1,4.041383769802781e-05,0.0,0.0
504,runs,1,4.041383769802781e-05,0.0,0.0
535,libraries,1,4.041383769802781e-05,0.0,0.0
502,messagesfrom,1,4.041383769802781e-05,0.0,0.0
499,mainwindow,1,4.041383769802781e-05,0.0,0.0
935,having,1,4.041383769802781e-05,0.0,0.0
469,e6f,1,4.041383769802781e-05,0.0,0.0
470,objectsin,1,4.041383769802781e-05,0.0,0.0
471,corner,1,4.041383769802781e-05,0.0,0.0
473,find,1,4.041383769802781e-05,0.0,0.0
475,giant,1,4.041383769802781e-05,0.0,0.0
476,removed,1,4.041383769802781e-05,0.0,0.0
477,precedence,1,4.041383769802781e-05,0.0,0.0
479,forfor,1,4.041383769802781e-05,0.0,0.0
481,distributed,1,4.041383769802781e-05,0.0,0.0
487,attemptingto,1,4.041383769802781e-05,0.0,0.0
488,aseparate,1,4.041383769802781e-05,0.0,0.0
489,local,1,4.041383769802781e-05,0.0,0.0
493,means,1,4.041383769802781e-05,0.0,0.0
495,objectsuperthe,1,4.041383769802781e-05,0.0,0.0
500,ofcode,1,4.041383769802781e-05,0.0,0.0
537,outside,1,4.041383769802781e-05,0.0,0.0
540,across,1,4.041383769802781e-05,0.0,0.0
543,securitythe,1,4.041383769802781e-05,0.0,0.0
593,three,1,4.041383769802781e-05,0.0,0.0
595,pc,1,4.041383769802781e-05,0.0,0.0
597,much,1,4.041383769802781e-05,0.0,0.0
599,constantsvariables,1,4.041383769802781e-05,0.0,0.0
600,thisthe,1,4.041383769802781e-05,0.0,0.0
602,obtained,1,4.041383769802781e-05,0.0,0.0
604,optionally,1,4.041383769802781e-05,0.0,0.0
606,buttonobject,1,4.041383769802781e-05,0.0,0.0
607,methodshould,1,4.041383769802781e-05,0.0,0.0
609,demand,1,4.041383769802781e-05,0.0,0.0
610,stat3,1,4.041383769802781e-05,0.0,0.0
611,unnecessarily,1,4.041383769802781e-05,0.0,0.0
613,executionan,1,4.041383769802781e-05,0.0,0.0
618,problemsbecause,1,4.041383769802781e-05,0.0,0.0
620,align,1,4.041383769802781e-05,0.0,0.0
587,classthat,1,4.041383769802781e-05,0.0,0.0
581,forexample,1,4.041383769802781e-05,0.0,0.0
579,dimensional,1,4.041383769802781e-05,0.0,0.0
578,loader,1,4.041383769802781e-05,0.0,0.0
544,creating,1,4.041383769802781e-05,0.0,0.0
547,interfaces,1,4.041383769802781e-05,0.0,0.0
550,methodsrobustnessthe,1,4.041383769802781e-05,0.0,0.0
551,acompilation,1,4.041383769802781e-05,0.0,0.0
553,interfacethe,1,4.041383769802781e-05,0.0,0.0
554,restrictions,1,4.041383769802781e-05,0.0,0.0
555,commenting,1,4.041383769802781e-05,0.0,0.0
467,bring,1,4.041383769802781e-05,0.0,0.0
556,defense,1,4.041383769802781e-05,0.0,0.0
560,many,1,4.041383769802781e-05,0.0,0.0
562,copysemantics,1,4.041383769802781e-05,0.0,0.0
563,deiconify,1,4.041383769802781e-05,0.0,0.0
566,context,1,4.041383769802781e-05,0.0,0.0
571,javalanguage,1,4.041383769802781e-05,0.0,0.0
574,character,1,4.041383769802781e-05,0.0,0.0
577,environments,1,4.041383769802781e-05,0.0,0.0
559,efficiency,1,4.041383769802781e-05,0.0,0.0
465,semanticsportabilityjava,1,4.041383769802781e-05,0.0,0.0
460,painting,1,4.041383769802781e-05,0.0,0.0
458,parseint,1,4.041383769802781e-05,0.0,0.0
352,think,1,4.041383769802781e-05,0.0,0.0
354,thedirectories,1,4.041383769802781e-05,0.0,0.0
355,major,1,4.041383769802781e-05,0.0,0.0
356,already,1,4.041383769802781e-05,0.0,0.0
359,number,1,4.041383769802781e-05,0.0,0.0
361,constant4float,1,4.041383769802781e-05,0.0,0.0
363,another,1,4.041383769802781e-05,0.0,0.0
364,blank,1,4.041383769802781e-05,0.0,0.0
365,owner,1,4.041383769802781e-05,0.0,0.0
367,implementor,1,4.041383769802781e-05,0.0,0.0
370,priority,1,4.041383769802781e-05,0.0,0.0
371,programinstantiates,1,4.041383769802781e-05,0.0,0.0
372,errors,1,4.041383769802781e-05,0.0,0.0
373,fromall,1,4.041383769802781e-05,0.0,0.0
375,leading,1,4.041383769802781e-05,0.0,0.0
350,allocatesmemory,1,4.041383769802781e-05,0.0,0.0
349,consequence,1,4.041383769802781e-05,0.0,0.0
348,signature,1,4.041383769802781e-05,0.0,0.0
347,isn,1,4.041383769802781e-05,0.0,0.0
312,ishandled,1,4.041383769802781e-05,0.0,0.0
314,shallow,1,4.041383769802781e-05,0.0,0.0
315,typespurely,1,4.041383769802781e-05,0.0,0.0
316,content,1,4.041383769802781e-05,0.0,0.0
318,contained,1,4.041383769802781e-05,0.0,0.0
319,bepreceded,1,4.041383769802781e-05,0.0,0.0
320,internet,1,4.041383769802781e-05,0.0,0.0
376,beginwith,1,4.041383769802781e-05,0.0,0.0
321,current,1,4.041383769802781e-05,0.0,0.0
331,completely,1,4.041383769802781e-05,0.0,0.0
332,falsebyte8,1,4.041383769802781e-05,0.0,0.0
333,scoped,1,4.041383769802781e-05,0.0,0.0
335,stat2switchswitch,1,4.041383769802781e-05,0.0,0.0
337,objectresults,1,4.041383769802781e-05,0.0,0.0
340,created,1,4.041383769802781e-05,0.0,0.0
343,valuesarguments,1,4.041383769802781e-05,0.0,0.0
325,typeelement,1,4.041383769802781e-05,0.0,0.0
306,calling,1,4.041383769802781e-05,0.0,0.0
377,constant0x123octal,1,4.041383769802781e-05,0.0,0.0
380,aplications,1,4.041383769802781e-05,0.0,0.0
430,typesint,1,4.041383769802781e-05,0.0,0.0
434,potential,1,4.041383769802781e-05,0.0,0.0
436,equivalentcode,1,4.041383769802781e-05,0.0,0.0
438,standardoutput,1,4.041383769802781e-05,0.0,0.0
440,multiple,1,4.041383769802781e-05,0.0,0.0
441,normal,1,4.041383769802781e-05,0.0,0.0
443,independentbyte,1,4.041383769802781e-05,0.0,0.0
444,plus,1,4.041383769802781e-05,0.0,0.0
445,representation,1,4.041383769802781e-05,0.0,0.0
446,phase,1,4.041383769802781e-05,0.0,0.0
447,integerint,1,4.041383769802781e-05,0.0,0.0
450,observation,1,4.041383769802781e-05,0.0,0.0
451,considered,1,4.041383769802781e-05,0.0,0.0
454,atjava,1,4.041383769802781e-05,0.0,0.0
457,clean,1,4.041383769802781e-05,0.0,0.0
429,valueof,1,4.041383769802781e-05,0.0,0.0
427,efficient,1,4.041383769802781e-05,0.0,0.0
426,onany,1,4.041383769802781e-05,0.0,0.0
421,say,1,4.041383769802781e-05,0.0,0.0
382,returns,1,4.041383769802781e-05,0.0,0.0
383,listed,1,4.041383769802781e-05,0.0,0.0
385,convention,1,4.041383769802781e-05,0.0,0.0
388,objid,1,4.041383769802781e-05,0.0,0.0
389,implements,1,4.041383769802781e-05,0.0,0.0
392,highest,1,4.041383769802781e-05,0.0,0.0
394,asnew,1,4.041383769802781e-05,0.0,0.0
379,structurea,1,4.041383769802781e-05,0.0,0.0
403,zero,1,4.041383769802781e-05,0.0,0.0
407,stale,1,4.041383769802781e-05,0.0,0.0
408,pointerb,1,4.041383769802781e-05,0.0,0.0
409,treated,1,4.041383769802781e-05,0.0,0.0
413,files,1,4.041383769802781e-05,0.0,0.0
415,notspecify,1,4.041383769802781e-05,0.0,0.0
416,rewrite,1,4.041383769802781e-05,0.0,0.0
420,definitionsimport,1,4.041383769802781e-05,0.0,0.0
406,u00aeboolean,1,4.041383769802781e-05,0.0,0.0
468,inflexible,1,4.041383769802781e-05,0.0,0.0
